Gender,Year in High School,Ethnicity,Family's Yearly Income,Household Number,Household Description,Laptop ,Mentor Count,Free/Reduced Lunch,Have you participated in any PiE events before?,Which event did you participate in?,"What prior engineering/programming experience have you had, if any?",Does your high school offer robotics extracurriculars after school other than PiE?,"If there are robotics extracurriculars, are the other robotic opportunities accessible for all students considering skill level and expenses?",I am planning to apply for college when I graduate from high school.,"I am interested  in pursing a career in a science- or technology-related major (includes computer science, engineering, mathematics).","The existing science, math, and engineering programs and opportunities at my school are easily accessible for all students.","There are a variety of science, math and engineering programs available to me at my school.",My school provides a supportive environment for me to pursue a STEM education.,How comfortable would you feel if you were asked to program your team's robot?,How comfortable would you feel if you were asked to design and build the mechanical components of your team's robot?,How comfortable would you feel if you were asked to lead your team for this season?,"Please rate your familiarity with UC Berkeley, including its campus and students:","Please rate your familiarity with the engineering department at UC Berkeley, including the majors it offers, its students, and opportunities it provides:","About how many hours a week did you spend on extracurricular science, engineering, or math related activities last semester?",About how many hours a week did you spend on other extracurricular activities last semester?,Modes of transportation,Classes Taken,Other STEM Classes,"Excluding the PiE Robotics Competition, in what extracurricular science- or technology-related activities have you participated, if any?",Why did you decide to join the PiE Robotics Competition?,What do you personally want to get out of the PiE Robotics Competition?,"Is there anything you personally would like to know about PiE, the organizers of PiE, UC Berkeley, or college in general?"
Male,10th,Caucasian,"$90,000+",4,Dual-parent household,Yes,0,FALSE,TRUE,PiE Robotics Competition,,No,There are no other robotics extracurriculars.,Strongly Agree,Strongly Agree,Agree,Strongly Agree,Agree,6,10,5,5,4,2,< 1,"My/a friend's car,Teacher's/parent's car",AP Computer Science Principles,"math 1/2, Math 2+, engineering and design principles",None,Sounds fun and productive to build a robot to complete set tasks,"Greater understanding of coding, design, and overall engineering",
Female,11th,Asian/ Pacific Islander,"$90,000+",4,Dual-parent household,Yes,2,FALSE,FALSE,,"I worked in a bioengineering lab during the summer of 2019 (Fletcher Lab at UC Berkeley) and learned basic electrical engineering, machining (drill presses, milling machines, etc), and learned a bit of Python. I've also taken computer science for 1.5 years at my school.",Yes,Both,Strongly Agree,Strongly Agree,Strongly Agree,Strongly Agree,Strongly Agree,6,10,7,8,6,3,8 +,Bus,AP Computer Science Principles,"Ap Biology, Chemistry, Math 1/2 and 2/3 honors, Engineering and Design, Beginners Computer science","Science Olympiad, CTF, UC Berkeley's High School Engineering Program. I'm also the president of the Air Quality Robotics club at my school, where we're in the process of developing low-cost air quality sensors for our school district. It combines environmental science, electrical engineering, and computer programming in a really nice way.","I became very interested in robotics after working at an engineering lab, where I was taught a lot of electrical engineering. PiE is an opportunity to apply those skills and keep them fresh.","I want to get an experience of working with others (the rest of my team) in robotics, which is something that I missed out on while working in the lab.",Are the organizers of PiE current UC Berkeley students?
Male,12th,African American,"$90,000+",4,Dual-parent household,Yes,1,FALSE,TRUE,PiE Robotics Competition,I make videogames in my free time and focused on the mechanical design of the robot in the previous years,Yes,Both,Strongly Agree,Strongly Agree,Strongly Agree,Strongly Agree,Strongly Agree,8,10,8,7,8,1,1,Teacher's/parent's car,"AP Calculus BC,AP Computer Science A,AP Physics,AP Computer Science Principles","Biology, Honors Chemistry, all math course leading up to Calculus BC","I founded the Computer Club, which is a club where members repair, reuse, and donate computers","I enjoy engineering and computers and robotics is a good way to combine those interests. I also like the challenges that are offered by this competition, as they force me to think creatively.",I want to gain more engineering experience and solve problems in unique ways.,
Female,12th,Asian/ Pacific Islander,"$10,000 - $30,000",4,Dual-parent household,Yes,3,TRUE,TRUE,"PiE Robotics Competition,PiE Fall Competition,PiE Student Workshops",Tiny bit of coding from a coding club and AP Comp. Sci class.,No,There are no other robotics extracurriculars.,Strongly Agree,Strongly Agree,Agree,Agree,Agree,7,8,10,7,6,8 +,8 +,"Teacher's/parent's car,Bus","Calculus,Physics,AP Calculus AB,AP Computer Science Principles","Calculus I & II
Principles of Engineering
Introduction to Engineering Design
Civil Engineering & Architecture
AP Biology
A little Gen. College Chem.","Coding club
Science fair
Junior Acheivement Social Innovation Camp
PiE on the Road (?)",Because I've always liked building and making things.,Learning how to code + lead + fun.,HAAS + dual majors & minors
Female,11th,Hispanic/ Latino,"$10,000 - $30,000",3,Single-parent household,No,3,TRUE,TRUE,PiE Robotics Competition,"Engineering Academy my Sophomore year. 
POE course",Yes,No,Strongly Agree,Neutral,Agree,Agree,Agree,5,7,5,7,4,3,2,Bus,Physics,"AP Bio
Algebra 1
Algebra 2/Trig
Geometry
Computer Integrated Manufacturing
Principles of Integrated Engineering
Biomedical Science","We Science
MESA",I participated last year and really enjoyed it!,The experience,
Female,9th,Hispanic/ Latino,"below $10,000",4,Dual-parent household,Yes,1,TRUE,FALSE,,,No,There are no other robotics extracurriculars.,Strongly Agree,Agree,Agree,Agree,Neutral,2,3,1,1,2,1,8 +,Bus,Physics,"- Intro to engineering 
- algebra 2/ trig","-MESA
- WeScience",A friend asked me to,"I’m not sure, maybe experience and possibly some knowledge of how everything works.",
Male,10th,Hispanic/ Latino,"$70,000 - $90,000",6,Dual-parent household,Yes,4,TRUE,FALSE,,None,No,There are no other robotics extracurriculars.,Strongly Agree,Agree,Neutral,Disagree,Neutral,1,1,1,8,2,< 1,6,Teacher's/parent's car,none of the above,"Biology, algebra II",None,It’s a great opportunity,Knowledge and confidence,No
Male,12th,Hispanic/ Latino,"$70,000 - $90,000",5,Dual-parent household,Yes,0,FALSE,FALSE,,,No,There are no other robotics extracurriculars.,Strongly Agree,Agree,Agree,Disagree,Disagree,3,7,8,6,1,4,8 +,Walk,AP Calculus AB,N/A,Coding Club,I wanted to learn more,I want to learn more about engineering at Berkeley,
Female,12th,Hispanic/ Latino,"$70,000 - $90,000",8,Dual-parent household,Yes,2,TRUE,FALSE,,"Santa Clara University Engineering Seminar
SMASH UC Berkeley",No,There are no other robotics extracurriculars.,Strongly Agree,Strongly Agree,Neutral,Disagree,Disagree,5,5,7,8,7,5,8 +,Teacher's/parent's car,AP Calculus AB,none,"SMASH UC Berkeley
SCU Engineering Seminar
East Bay Environmental Engineering
Coding Club","To learn more about robotics and bring PiE to our school, which lacks STEM resources.",I want to develop more fundamental STEM skills and build a working robot!,I would like to learn more about the PiE mentors!
Male,12th,Hispanic/ Latino,"$70,000 - $90,000",5,Dual-parent household,Yes,2,TRUE,FALSE,,Introductory summer program classes.,No,There are no other robotics extracurriculars.,Strongly Agree,Strongly Agree,Agree,Disagree,Neutral,4,9,9,2,4,4,8 +,"My/a friend's car,BART,Walk,Teacher's/parent's car",AP Calculus AB,AP Statistics. Anatomy and Physiology.,Carnegie Mellon University Summer Academy for Math and Science.,"To explore robotics in a competitive, team setting.",Learn how to program and automate a robot.,
Male,12th,Hispanic/ Latino,"$70,000 - $90,000",5,Dual-parent household,Yes,0,TRUE,FALSE,,,No,,Strongly Agree,Neutral,Agree,Neutral,Strongly Disagree,5,4,5,2,3,< 1,2,BART,none of the above,N/A,Coding club,I want to learn more about robotics,What I want to get out of this robotics competition is learning teamwork and build up my communication skills,N/A
Male,12th,Hispanic/ Latino,"$50,000 - $70,000",4,Single-parent household,I share with my siblings/parents.,0,FALSE,FALSE,,,No,No,Strongly Agree,Neutral,Agree,Neutral,Agree,5,5,3,6,5,< 1,< 1,BART,none of the above,"Modern Physics and Chemistry
AP Psych",none,Because it is pretty interesting to know about engineering,How engineering works,none
Male,12th,Hispanic/ Latino,"$30,000 - $50,000",4,Dual-parent household,Yes,3,TRUE,FALSE,,,No,There are no other robotics extracurriculars.,Strongly Agree,Strongly Agree,Disagree,Strongly Disagree,Disagree,2,6,5,9,8,6,7,"BART,My/a friend's car,Teacher's/parent's car","AP Calculus AB,Physics",- AP Psychology,SMASH,To expand my knowledge in Engineering.,I want to know more about engineering in general.,N/A
Male,12th,Hispanic/ Latino,"$90,000+",5,Dual-parent household,No,0,TRUE,FALSE,,None,No,There are no other robotics extracurriculars.,Strongly Agree,Strongly Agree,Neutral,Neutral,Neutral,6,8,8,7,7,6,6,BART,AP Calculus AB,"Modern Physics and Chemistry
Biology",None,I was interested in the PiE club because I want to pursue STEM in college.,To learn more about engineering.,No
Male,12th,Hispanic/ Latino,"$70,000 - $90,000",5,Dual-parent household,Yes,4,TRUE,FALSE,,,No,There are no other robotics extracurriculars.,Agree,Neutral,Neutral,Disagree,Disagree,3,6,5,8,2,3,6,"BART,My/a friend's car,Teacher's/parent's car",Calculus,Basic to coding(after school program 6th grade),None,To give it a try again and see if I enjoy it.,To see if I can remember some coding from back in the days.,Not at the moment
Male,9th,Hispanic/ Latino,"$10,000 - $30,000",3,Dual-parent household,Yes,1,FALSE,FALSE,,none.,No,No,Strongly Agree,Neutral,Neutral,Neutral,Neutral,1,1,1,2,1,< 1,8 +,Teacher's/parent's car,none of the above,none.,no.,I wanted to try something new in all honesty.,I want to learn how to collaborate with unfamiliar faces.,What gpa do I need to have if I want to play soccer?
Male,9th,Hispanic/ Latino,"$70,000 - $90,000",6,Dual-parent household,I share with my siblings/parents.,0,TRUE,FALSE,,,No,There are no other robotics extracurriculars.,Agree,Agree,Neutral,Neutral,Neutral,5,7,4,4,4,1,5,Teacher's/parent's car,none of the above,Geometry,n/a,I decided to join PIE robotics competition becuase it will help me learn and get involved in clubs at my school.,I want to learn how to build a robot,n/a
Male,11th,Hispanic/ Latino,"$10,000 - $30,000",6,Dual-parent household,Yes,1,TRUE,FALSE,,"None, but I always wanted to be in one.",No,,Agree,Agree,Agree,Neutral,Agree,8,9,9,5,6,4,4,Teacher's/parent's car,none of the above,Algebra 2,"I have made robotic parts out of junk and steel, and for some of my past projects I have made robots with motors on them.",Because I like to be involved in things that involve robotics and calculations.,Since I am Intrinsically motivated I just want to be satisfied with what I do.,I would like to know if they have other events.
Male,10th,Hispanic/ Latino,"$70,000 - $90,000",5,Dual-parent household,Yes,0,FALSE,TRUE,"PiE Robotics Competition,PiE Fall Competition","FIRST Lego League (2 Years)
Tech Museum's Tech Challenge: Drop and Dash
PLTW Engineering Program
HTML, CSS, JS - Summer Math and Science Honors Academy",No,There are no other robotics extracurriculars.,Strongly Agree,Agree,Neutral,Agree,Neutral,9,3,9,7,5,4,4,BART,none of the above,"Currently in Pre-Calculus, Chemistry Honors, Principles of Engineering

Have taken Intro to Engineering Design",none others offered,"PiE is a very accessible robotics competition, unlike many others. The experience of  working as a team under a competitive situation is something I love but don't get to experience very often. Despite the many free engineering programs I've joined, PiE is the only one that has offered a chance to apply what I've learned and work with others to create something.","Increased teamwork ability, new leadership skills, a chance to use many of the engineering skills I've learned in a competitive environment",
Male,12th,Asian/ Pacific Islander,"$70,000 - $90,000",5,Dual-parent household,Yes,5+,FALSE,TRUE,"PiE Robotics Competition,PiE Fall Competition",AP Computer Science,No,There are no other robotics extracurriculars.,Strongly Agree,Strongly Agree,Agree,Strongly Agree,Strongly Agree,10,10,10,8,7,< 1,< 1,Teacher's/parent's car,"AP Computer Science A,AP Physics,AP Calculus BC,AP Computer Science Principles","AP Biology, Chemistry, pre-Calculus Honors",Some computer science competitions.,To work with other people to build an awesome robot.,I want to have a fun experience working together and competing with a team.,
Male,10th,Asian/ Pacific Islander,"$70,000 - $90,000",5,Dual-parent household,Yes,3,FALSE,TRUE,PiE Robotics Competition,I voleenteer/ intern for a orginsation that recycles computers and refurbishes them then distributes them throughout the community.,No,There are no other robotics extracurriculars.,Strongly Agree,Strongly Agree,Strongly Agree,Neutral,Strongly Agree,2,8,1,4,5,7,7,Teacher's/parent's car,none of the above,"Chemistry, comp sci",The volenteer/ internship position that I have already listed above,I like robots and engineering in general.,New ways of implementing tech Into robots .,No not really
Male,12th,Asian/ Pacific Islander,"$90,000+",4,Dual-parent household,Yes,3,FALSE,TRUE,"PiE Robotics Competition,PiE Student Workshops,PiE Fall Competition",PiE events,Yes,No,Strongly Agree,Strongly Agree,Agree,Neutral,Agree,5,8,9,10,10,8 +,7,"Bus,BART","Physics,AP Calculus AB","Pre Calculus, AP Statistics",None,To be able to participate in a STEM activity nearby with my friends.,Practicing working with a group and communicating with others,
Male,9th,Caucasian,"$90,000+",4,Dual-parent household,I share with my siblings/parents.,2,FALSE,TRUE,PiE Fall Competition,Years of legos with mindstorm,Yes,Both,Strongly Agree,Agree,Agree,Agree,Agree,2,9,5,7,3,3,8 +,Teacher's/parent's car,none of the above,"Geometry,",None,I like Robotics and the club I’m in joined,To learn more about coding and a chance to build a robot,
Male,9th,Caucasian,"$90,000+",4,Dual-parent household,Yes,0,FALSE,FALSE,,"I have worked with arduinos and C++ for many years, and I consider myself quite good at it. In my schools robotics club I have begin to learn how to program in Python, particularity for the board used in the PiE robots. I like to consider myself an engineer, I like to solve problems logically and apply my skills to every area of life. I have done projects that included use of CAD, 3D printing, laser cutting, good ol' fashioned hot glue, nuts and bolts, and much more.",Yes,No,Strongly Agree,Strongly Agree,Strongly Agree,Strongly Agree,Strongly Agree,7,10,10,4,3,4,< 1,Teacher's/parent's car,none of the above,"Advanced Algebra with Geometry
Science and the Environment","Aerospace Engineering club(VP/Founding Member)
Computer Club(Future President)
Chemistry Club","Because a few years ago my Grandpa forwarded me an email of my school participating in the competition, since then that the thing I've been looking forward too most in High School.","I want to have new experiences, make new friends and memories, learn about robotics and myself and be able to help others.",Does UC Berkeley offer an Aerospace Engineering major?
Male,9th,Caucasian,"$90,000+",4,,Yes,0,FALSE,FALSE,,,No,There are no other robotics extracurriculars.,Agree,Agree,Agree,Disagree,Disagree,3,3,5,4,1,< 1,2,"BART,Bus",AP Calculus BC,None.,None.,Because I want to explore computer science.,Experience in programming.,
Female,12th,Caucasian,"$90,000+",4,Single-parent household,Yes,0,FALSE,TRUE,"PiE Robotics Competition,PiE Fall Competition",,No,No,Strongly Agree,Strongly Agree,Disagree,Disagree,Disagree,3,8,9,9,5,2,5,"My/a friend's car,Teacher's/parent's car,BART","AP Calculus AB,Physics","Algebra I, Algebra II, Geometry, Pre-Calculus, Biology, Chemistry, Environmental Science, Intro to Astronomy and Astrophysics","Intro to Astronomy and Astrophysics (UC Berkeley ATDP), National Ocean Science Bowl,",It's pretty much thweonly engineering opportunity at my school,to win,
Male,12th,Caucasian,"$90,000+",3,Dual-parent household,Yes,0,FALSE,TRUE,"PiE Robotics Competition,PiE Fall Competition",,No,There are no other robotics extracurriculars.,Strongly Agree,Strongly Agree,Neutral,Strongly Disagree,Neutral,1,6,8,2,1,1,2,BART,"AP Calculus AB,Physics","Chemistry
Biology
Algebra I
Algebra II
Geometry
Precalculus",N/A,We do it every year. It's tradition.,A fun time.,
Male,9th,Asian/ Pacific Islander,"$90,000+",7,Dual-parent household,Yes,1,FALSE,TRUE,PiE Fall Competition,2 years of coding,No,,Agree,Agree,Agree,Neutral,Neutral,8,6,5,7,6,1,3,"My/a friend's car,BART,Bus,Teacher's/parent's car",none of the above,"Geometry, Algebra, planning to do algebra 2 in the summer",none,get better and engineering and coding,learning how to code and work together with others who also want to learn to code,
Male,12th,Asian/ Pacific Islander,"$10,000 - $30,000",4,Dual-parent household,Yes,2,TRUE,TRUE,"PiE Robotics Competition,PiE Student Workshops,PiE Fall Competition","I have been in the past 2-3 PiE tournaments, in a computer science/programming group for 4 years, and have worked with python for roughly 4.5 years.",Yes,"Yes, by skill level",Agree,Agree,Neutral,Disagree,Neutral,5,3,3,5,6,3,6,"Bus,BART","AP Calculus AB,AP Calculus BC,Physics,AP Computer Science Principles,AP Computer Science A","Chemistry, biology, algebra 1-2, geometry",Google Code Next,It’s gonna be my last time participating in this since it’s near graduation time.,Just to finish things up with a bang. Hopefully winning 1st place in something.,Not right now.
Male,9th,Caucasian,"$30,000 - $50,000",3,"Divorced parents, every week I move to the other's house",Yes,2,TRUE,FALSE,,"I fix and build computers, learn and write in some computer languages and love to prototype circuits.",No,There are no other robotics extracurriculars.,Strongly Agree,Strongly Agree,Neutral,Disagree,Disagree,7,8,7,9,5,8 +,6,"BART,Bus,Walk,Teacher's/parent's car,My/a friend's car",none of the above,"Algebra II Honors, Biology (I'm only a freshman)",CS Club last year.,It was like an amazing opportunity that I had been waiting to participate in for years.,I want to grow my expertise in the compiling of robots and prove able to apply myself to a purpose and contribute to a bonding experience with my team and just have a great time no matter the outcome.,"Some things that come to mind right off the bat are that I'd love to know more about are other robotics competitions and why we're using a language that's Python but with minor changes. I have many more questions covering a wide range of topics related to PiE, UC Berkeley, robotics comps and everything in between but I think it'd be best to ask them in person."
Male,11th,Asian/ Pacific Islander,"$10,000 - $30,000",2,Single-parent household,No,2,FALSE,TRUE,"PiE Fall Competition,PiE Robotics Competition",,No,There are no other robotics extracurriculars.,Agree,Agree,Agree,Neutral,Neutral,3,6,2,3,3,1,1,Teacher's/parent's car,none of the above,Chemistry,I’m in a robotics club,Fun and try to show I can do two things at once,Want to look into what makes a good design,
Female,12th,Asian/ Pacific Islander,"$90,000+",3,Dual-parent household,I share with my siblings/parents.,1,FALSE,TRUE,PiE Robotics Competition,,Yes,"Yes, by skill level",Strongly Agree,Agree,Strongly Agree,Agree,Strongly Agree,3,10,10,10,10,8 +,8 +,BART,AP Computer Science A,"Intro to engineering
Principles of engineering
and Engineering design and development",only Pie robotics,Because i enjoy getting a task and try to apply my knowledge of engineering to complete the task with our robot we build,To try and get more knowledge of coding this time sense I'm always on the hardware team maybe this year with me taking a comp sci class i can help with coding,
Female,11th,Caucasian,"$30,000 - $50,000",6,Dual-parent household,"yes, but it's a chromebook",1,FALSE,TRUE,"PiE Robotics Competition,PiE Fall Competition","I learned to create an AI that reads ASL in relatively real time, but that was about it. We do hour of code at our school as well.",Yes,Both,Strongly Agree,Strongly Agree,Agree,Disagree,Strongly Agree,5,8,10,6,5,2,1,"Bus,My/a friend's car,Teacher's/parent's car","Calculus,Physics","Calculus 1 (and currently enrolled in 2) at College of Alameda, Precalculus at Laney, and Trigonometry at College of Alameda. Chemistry here as well as Biology.","The UC Berkeley BioEHSC this year, the AMC 12 this year, and the ACSEF for this year.",I enjoy leading the team as well as a STEM competition.,"A good year for our team; lots of spirit and good sportsmanship, as well as encouraging more people to join the team.",Nope
Male,11th,Asian/ Pacific Islander,"$30,000 - $50,000",4,Dual-parent household,Yes,0,TRUE,FALSE,,none,Yes,No,Strongly Agree,Strongly Agree,Agree,Agree,Agree,7,8,7,1,1,3,< 1,"Teacher's/parent's car,My/a friend's car","AP Computer Science Principles,AP Calculus AB,Physics",biology and chemistry,none,friends and interested in robots,experience in robotistics,
Decline to state,10th,Asian/ Pacific Islander,"$50,000 - $70,000",6,Dual-parent household,I share with my siblings/parents.,1,FALSE,TRUE,"PiE Robotics Competition,PiE Fall Competition",I did previous robotics competitions at school.,Yes,Both,Agree,Agree,Agree,Agree,Strongly Agree,7,5,6,8,7,3,5,"My/a friend's car,Teacher's/parent's car",none of the above,"computer science, math up to precalculus, statistics, chemistry, biology",ftc robotics competition,I wanted to try robotics and it was a part of the school robotics club.,"I want to learn more about the parts of robotics, like programming and mechanical design.",
Male,9th,"African American, Asian","$70,000 - $90,000",5,Dual-parent household,I have a desktop,2,FALSE,FALSE,,I am able to copy and paste code to make simple programs.,Yes,Both,Strongly Agree,Strongly Agree,Strongly Agree,Neutral,Neutral,3,4,5,6,1,< 1,3,"Bus,BART,Walk,Teacher's/parent's car",none of the above,Algebra 2 honors,Robotics club,I want to further myself in the steam field,I wanted an excuse to learn new coding techniques,I would love to learn my options for stem in college
Female,11th,Filipino and Black,"$30,000 - $50,000",2,Single-parent household,Yes,0,FALSE,FALSE,,I joined MESA in October 2019.,Yes,"Yes, by skill level",Strongly Agree,Strongly Agree,Strongly Agree,Neutral,Strongly Agree,7,8,9,9,9,2,8 +,"Bus,BART,Walk","Calculus,Physics","Math 190 (college class) Calculus 
Math 171 (college class) Pre-Calculus 
Math 121 (college class) Trigonometry 
Math 120 (college class) Intermediate Algebra
Math 118 (college class) Beginning Algebra 
Chem 119 + lab (college class) Chemistry 
Physics + lab (college class)
Biology (high school) 
Geometry (high school)","Biology club
MESA","I want to go into the science field. I’ve always wanted to be on a robotics team but I’ve never had the opportunity to join. When I found out about the robotics team at our school, I immediately wanted to be a part of it. I want to learn how robots work and how they’ll be used in the future. I also want to be exposed to the field of robotic engineering just in case I want to change my major.",I hope to receive the knowledge and skills of how to program a robot. I also want to know how they are made and how they function. I hope to gain familiarity with robots to join future robotic-engineering clubs. I want to improve my skills in working with other people.,I would like to know the opportunities UC Berkeley and other colleges provide for students that want to be in the science-engineering field.
Male,12th,Caucasian,"$90,000+",4,Dual-parent household,Yes,2,FALSE,TRUE,"PiE Robotics Competition,PiE Fall Competition,PiE Student Workshops","Internship at UC Berkeley
PLTW Engineering Course Fresh-Senior",No,There are no other robotics extracurriculars.,Strongly Agree,Strongly Agree,Strongly Agree,Agree,Agree,10,8,9,9,7,5,1,Bus,"Physics,AP Calculus AB,AP Computer Science Principles",PLTW Courses,"MESA, We Science (we go to local elementary schools and teaches kids about science), Math Club",I joined freshman year and fell in love with the challenge and the enjoyment from the competition.,Grow as a leader and gain familiarity with aspects of STEM,No
Male,11th,Asian/ Pacific Islander,"$10,000 - $30,000",6,Dual-parent household,Yes,1,TRUE,TRUE,"PiE Fall Competition,PiE Robotics Competition,PiE Student Workshops","Engineering in middle school with the basics of engineering and design.
Robotics in middle school
Engineering camps throughout the past 3 summers
Last 2 years of PiE",No,No,Strongly Agree,Strongly Agree,Agree,Agree,Agree,10,7,9,7,5,3,5,"BART,My/a friend's car","Calculus,Physics,AP Calculus AB,AP Calculus BC",n/a,MESA,"Ever since my teacher introduced me to robotics in middle school, I've been forever fascinated and interested in robotics. The joy of designing something, building it, and then seeing it move to complete a task is so fulfilling and fun. Also, I think a lot of people will enjoy this in my school and for me to be able to introduce them to a field that they didn't even know about and then seeing them take pride in it brings joy.","I want to get experience working with my peers and designing something that completes that task. Problem-solving, critical thinking, and ingenuity are all something I want to get out of the PiE competition.",I want to know how many fields of engineering are offered at UC Berekely and what PiE provides to engineering students.
Female,10th,Asian/ Pacific Islander,"$10,000 - $30,000",5,Dual-parent household,Yes,2,TRUE,TRUE,"PiE Fall Competition,PiE Robotics Competition,PiE Student Workshops",I have experience in mostly Python but some HTML and Java,No,There are no other robotics extracurriculars.,Strongly Agree,Agree,Neutral,Agree,Agree,5,7,6,7,7,2,4,"Bus,Walk,My/a friend's car",none of the above,AP Environmental Science and algebra 2/pre-calculus,I have participated in Girls Who Code and ANOVA,It’s the only program that is affordable for my school,I hope to gain more coding and engineering experience,
Female,9th,Caucasian,"$90,000+",4,Dual-parent household,Yes,0,FALSE,FALSE,,STEM club at Mira Vista.,No,,Strongly Agree,Strongly Agree,Strongly Agree,Agree,Strongly Agree,5,8,6,7,6,< 1,1,"BART,My/a friend's car",Physics,Algebra 2,FLL competitions,The robotics team at my school chose to compete.,I want to get an even better understanding of robotics and robot competitions.,
Male,12th,Asian/ Pacific Islander,"$70,000 - $90,000",4,Dual-parent household,Yes,0,FALSE,TRUE,"PiE Robotics Competition,PiE Fall Competition,PiE Student Workshops","PiE, as well as FTC",Yes,Both,Strongly Agree,Strongly Agree,Disagree,Neutral,Agree,9,2,6,5,4,8 +,8 +,My/a friend's car,"AP Calculus AB,AP Computer Science A,Physics,AP Calculus BC,AP Computer Science Principles",AP Stats,"FTC, MESA, MASS","It's been a tradition, and I enjoy collaborative projects",I hope to gain experience with Robotics and collaborative engineering projects.,
Male,11th,Hispanic/ Latino,"$50,000 - $70,000",5,Dual-parent household,Yes,1,TRUE,FALSE,,some coding experience,No,There are no other robotics extracurriculars.,Strongly Agree,Neutral,Agree,Agree,Agree,7,10,9,7,3,2,6,BART,none of the above,pre calculus,none,i like idea of building your own robot,build confidence in the coding aspect,
Male and Female ,12th,Hispanic/ Latino,"$10,000 - $30,000",7,Dual-parent household,I share with my siblings/parents.,2,TRUE,TRUE,"PiE Robotics Competition,PiE Fall Competition,PiE Student Workshops",STEM from my middle school and being 3 years on the robotics team and taking classes of coding,Yes,Both,Strongly Agree,Strongly Agree,Strongly Agree,Strongly Agree,Strongly Agree,7,8,8,9,9,2,3,"Bus,BART,Walk,My/a friend's car",AP Computer Science A,Math Analysis Honor,N/A,To get more experience in competitions and learning how to work as a team on coding and building,"Leadership, coding, planning, and building",N/A
Male,9th,Asian and European,"$90,000+",6,Dual-parent household,Yes,0,FALSE,FALSE,,I have had little formal experience in engineering or programming prior to this event.,Yes,"Yes, by skill level",Strongly Agree,Agree,Neutral,Agree,Strongly Agree,2,6,2,1,1,1,1,"BART,Bus,Walk,My/a friend's car",none of the above,I am currently taking Honors Algebra 2/Trigonometry.  I am not taking any formal science or engineering courses this semester.,I haven't participated in many extracurricular science or technology related activities.  The most I have done outside of school was to do experiments with microcontrollers.  I have little formal experience in this field.,"I did not know much about this competition before joining my school's robotics club.  I am joining this competition because it is a part of the school robotics club.  When I learned that the club was doing it, I thought that it would be interesting, and decided to give it a try.","Personally, I want to learn more about robotics and engineering from this competition.  I still have little experience in robotics and engineering, and want to know more.  I, personally, find them very interesting.",There is nothing else I particularly would like to know at this current moment.
Male,12th,Hispanic/ Latino,"$70,000 - $90,000",2,Single-parent household,Yes,5+,FALSE,TRUE,"PiE Robotics Competition,PiE Fall Competition,PiE Student Workshops",,No,,Strongly Agree,Strongly Agree,Disagree,Disagree,Agree,5,9,8,7,2,2,3,"Teacher's/parent's car,Walk","Calculus,Physics,AP Computer Science Principles",Astronomy and statistics,N/a,Because my friends joined and said they have had a good time.,Learning how to work on a big project with multiple people,
Male,9th,Asian/ Pacific Islander,"$70,000 - $90,000",3,Dual-parent household,Yes,0,FALSE,FALSE,,,No,There are no other robotics extracurriculars.,Strongly Agree,Strongly Agree,Agree,Agree,Agree,5,7,4,4,1,8 +,< 1,BART,none of the above,"Geometry, Cybersecurity",None.,I mainly joined because I wanted to expand my career options in the STEM world.,The experience of teamwork in a STEM environment and the knowledge of robotics.,
Male,10th,Asian/ Pacific Islander,"$30,000 - $50,000",6,Dual-parent household,Yes,1,FALSE,TRUE,"PiE Robotics Competition,PiE Fall Competition,PiE Student Workshops","I've been on a FIRST Lego league team for two years, I'm also in an engineering class (second year in an engineering program).",Yes,Both,Agree,Neutral,Agree,Agree,Agree,2,7,8,9,4,8 +,8 +,"BART,My/a friend's car",none of the above,"Intro to Engineering Design, Principles of Engineering, Coding.","FIRST Lego League, San Jose Tech Museum Challenge.","It was fun last year, so I decided to go for it again.",I want to get out more expierience and to have fun.,
Male,12th,Asian/ Pacific Islander,"$10,000 - $30,000",4,Dual-parent household,Yes,0,TRUE,TRUE,"PiE Robotics Competition,PiE Fall Competition",,Yes,There are no other robotics extracurriculars.,Strongly Agree,Strongly Agree,Disagree,Strongly Disagree,Strongly Disagree,7,5,6,3,4,3,2,Teacher's/parent's car,"Calculus,Physics,AP Calculus BC,AP Physics,AP Calculus AB,AP Computer Science Principles,AP Computer Science A","AP Chemistry, AP Biology, AP Statistics",Engineering club,Part of activities for my club,Fun,
Male,12th,Caucasian,"$90,000+",6,Dual-parent household,Yes,0,FALSE,TRUE,"PiE Robotics Competition,PiE Fall Competition","Outside of pie, none.",No,There are no other robotics extracurriculars.,Strongly Agree,Strongly Agree,Agree,Strongly Disagree,Disagree,1,10,10,8,4,1,3,My/a friend's car,"AP Calculus BC,Physics,AP Calculus AB",Computer science,None (I think),To build a cool robot,I wanna learn how to do electrical and coding this year,Why does everything start late lol
Female,11th,Caucasian,"$90,000+",3,Single-parent household,Yes,0,FALSE,TRUE,"PiE Fall Competition,PiE Robotics Competition","PiE for 2 years
JavaScript programming",No,There are no other robotics extracurriculars.,Strongly Agree,Neutral,Neutral,Strongly Disagree,Agree,2,7,6,3,2,< 1,2,"Bus,Teacher's/parent's car",Physics,"Pre-calculus 
Algebra 2
Geometry
Algebra 1",None,I enjoy robotics,Fun.,
Male,9th,Iran,"$90,000+",3,Dual-parent household,Yes,1,FALSE,TRUE,"PiE Fall Competition,PiE Robotics Competition","Python 
Html
Other rpi builds",Yes,Both,Strongly Agree,Strongly Agree,Agree,Strongly Agree,Strongly Agree,8,10,7,10,10,4,5,Teacher's/parent's car,none of the above,"Biology, honors math 1/2, teacher assistant in computers","Yes, splash, data at berkeley, and atdp",It is fun to build robots,"Fun, and teamwork",Not really
Male,12th,Asian/ Pacific Islander,"$70,000 - $90,000",3,Dual-parent household,Yes,0,FALSE,TRUE,PiE Robotics Competition,,Yes,No,Strongly Agree,Agree,Disagree,Disagree,Neutral,7,4,2,7,4,2,2,"BART,Walk","AP Calculus AB,AP Computer Science Principles,Calculus","Statistics, AP Chemistry, Anthropology",Coding,Not telling you.,I want to know whether or not the engineering pathway is right for me.,
Male,11th,Hispanic/ Latino,"$90,000+",6,Dual-parent household,Yes,2,TRUE,FALSE,,I took engineering last year.,No,There are no other robotics extracurriculars.,Strongly Agree,Strongly Agree,Agree,Neutral,Neutral,2,6,5,5,2,1,< 1,"BART,Teacher's/parent's car",Physics,"Algebra 1 and 2, PreCal, Chemistry, Geometry, Engineering",None,It drew my attention as I like things related to engineering and hands on work.,To see if Mechanical Engineering is the right major for me.,No
Male,11th,Hispanic/ Latino,"$50,000 - $70,000",5,Dual-parent household,I share with my siblings/parents.,1,TRUE,FALSE,,Computer Science Pathway,Yes,There are no other robotics extracurriculars.,Strongly Agree,Strongly Agree,Strongly Agree,Neutral,Agree,8,9,9,6,6,4,6,"My/a friend's car,BART,Teacher's/parent's car","AP Computer Science A,AP Computer Science Principles","Environmental Science
Biology
Chemistry
Intro to Psychology
Algebra 1 and 2
Geometry
Human Development and Lifespan","PCA
HEAL
HCSA","Why not, sounds like fun",Something to do,
Male,11th,Hispanic/ Latino,"$10,000 - $30,000",4,Single-parent household,Yes,2,TRUE,FALSE,,Engineering class my sophomore year,Yes,There are no other robotics extracurriculars.,Strongly Agree,Disagree,Agree,Neutral,Agree,1,5,1,4,1,3,3,BART,Physics,"Pre-calculus, chemistry, biology, Engineering, Algebra 1 and 2, geometry",None,Because I wanted to try something new,How to code a bit more,Nope
Female,11th,Hispanic/ Latino,"$50,000 - $70,000",7,Dual-parent household,Yes,2,TRUE,FALSE,,I am taking an engineering class and engaging in a robotics club.,Yes,No,Strongly Agree,Neutral,Neutral,Neutral,Agree,2,2,2,4,1,1,2,"My/a friend's car,BART",Physics,"Engineering, Algebra 2, Geometry, Pre-Calculus, Chemistry, Biology",I haven't participated in any.,I want to explore the STEM field and I find coding interesting. This could potentially be a passion of mine and something I want to pursue as my future career.,I want to develop some software skills that I could use in the long run.,What is this program about?
Female,9th,Hispanic/ Latino,"$10,000 - $30,000",4,Dual-parent household,Yes,1,TRUE,FALSE,,no,Yes,There are no other robotics extracurriculars.,Strongly Agree,Agree,Agree,Agree,Agree,1,2,1,4,2,2,2,"Teacher's/parent's car,BART",none of the above,"biology, algebra 2",none,I wanted to try something new and learn more,experience,no
Male,9th,Hispanic/ Latino,"$30,000 - $50,000",4,Dual-parent household,I share with my siblings/parents.,2,FALSE,FALSE,,Coding classes in both college track and within my school cirriculum,No,,Strongly Agree,Agree,Neutral,Agree,Strongly Agree,6,10,6,7,3,2,8 +,"Walk,My/a friend's car",none of the above,Web development,none,My brother introduced me to the program.,college credits and experience building.,none
Female,11th,Hispanic/ Latino,"$30,000 - $50,000",4,Dual-parent household,Yes,0,FALSE,FALSE,,AP computer science,No,There are no other robotics extracurriculars.,Strongly Agree,Disagree,Agree,Neutral,Neutral,2,8,7,7,5,1,3,"Teacher's/parent's car,BART",AP Computer Science Principles,Pre-Calculus,N/A,It looked interesting and my sister was in it the last two years,A new experience,
Female,10th,Hispanic/ Latino,"$30,000 - $50,000",6,Dual-parent household,Yes,3,TRUE,FALSE,,Just computer science.,No,There are no other robotics extracurriculars.,Strongly Agree,Agree,Agree,Agree,Agree,7,6,4,9,1,2,5,"My/a friend's car,BART,Bus",AP Computer Science Principles,Only Ap computer science.,None.,I wanted to see if I was interested in this as a future career.,Experience with technology and building skills.,
Female,11th,Hispanic/ Latino,"$50,000 - $70,000",4,Dual-parent household,Yes,1,TRUE,FALSE,,,No,,Strongly Agree,Strongly Agree,Neutral,Disagree,Neutral,6,6,5,9,5,2,4,"Teacher's/parent's car,BART",none of the above,"Pre-Calculus
AP Environmental Science","Code Nation Fellowship 
Get SET",I decided to join because I this is the only club at my school where I can express my interest in computer science.,To have more teamwork experience and develop better programming skills.,
Male,11th,Caucasian,"$50,000 - $70,000",4,Dual-parent household,Yes,0,FALSE,FALSE,,,No,There are no other robotics extracurriculars.,Strongly Agree,Agree,Agree,Strongly Agree,Strongly Agree,6,8,4,2,3,< 1,6,"My/a friend's car,Walk",Physics,"Chemistry, algebra, algebra two",None,I think it has plenty of good opportunities to learn how to design and refine a machine,"Victory, but also experience",
Male,9th,Asian/ Pacific Islander,"$50,000 - $70,000",2,Single-parent household,Yes,1,FALSE,FALSE,,I've taken an 8th grade engineering class the whole year and some useless but experimental code.org work.,Yes,Both,Strongly Agree,Agree,Agree,Agree,Agree,5,7,5,2,2,7,6,BART,none of the above,Intro to Engineering design.,"I have done a Gate program for an advanced science project, but other than that just some computer use.",My robotics club wants to participate and I'm curious to what we will do.,"Some robotics building experience and knowledge, plus something to say about extra curricular activity.",I haven't done too much research of Berkeley or other colleges yet so I need to learn more.
Female,11th,Asian/ Pacific Islander,"below $10,000",4,Student ,Yes,0,TRUE,FALSE,,,No,There are no other robotics extracurriculars.,Strongly Disagree,Strongly Agree,Strongly Agree,Agree,Agree,8,7,1,3,3,3,4,"Bus,BART,My/a friend's car","Physics,AP Calculus AB",None,None,I decided to join the PiE Robotics Competition because I heard about it from friends and I am interested.,I want to learn how other teams design their robots base on the same competition. How are they different form ours.,
Male,11th,Hispanic/ Latino,"$30,000 - $50,000",9,Dual-parent household,Yes,0,FALSE,FALSE,,,No,There are no other robotics extracurriculars.,Agree,Disagree,Agree,Neutral,Neutral,6,6,1,2,1,< 1,< 1,BART,none of the above,Precalculus,None,To learn how to code and be able to control what I have coded.,Being able to code effectively.,
Male,12th,Asian/ Pacific Islander,"$90,000+",3,,Yes,2,FALSE,FALSE,,"I am a part of the Science Olympiad team which has some engineering/programming events. Last summer, I did an internship where I did some electronics stuff.",No,There are no other robotics extracurriculars.,Strongly Agree,Strongly Agree,Strongly Agree,Strongly Agree,Strongly Agree,10,10,10,8,10,2,8 +,My/a friend's car,"AP Calculus AB,AP Physics,AP Computer Science A,Physics,AP Calculus BC,AP Computer Science Principles",AP Chemistry,"Science Olympiad, Hackathon, programming team at Chabot Space and Science center","I did the competition last year, and it was very fun. I learned a lot about both mechanical design and programming.",I want to learn more about the hardware in the robot.,
Female,12th,Asian/ Pacific Islander,"$30,000 - $50,000",4,Dual-parent household,Yes,2,TRUE,TRUE,"PiE Robotics Competition,PiE Fall Competition,PiE Student Workshops",PIE is the only engineering program I have experienced since freshman year of high school all the way to now (my senior year),No,There are no other robotics extracurriculars.,Strongly Agree,Disagree,Neutral,Disagree,Disagree,6,4,8,8,7,2,4,"BART,Walk,My/a friend's car,Teacher's/parent's car",none of the above,"Geometry, Algebra/Trig 2, Pre-calculus,Probability and statistics, Biology, Chemistry, Physiology",none,"Originally I had joined because my brother was team captain and I was encouraged to participate even though I did not know anything about coding or engineering. However, overtime I gradually began to enjoy the environment of the team and being able to work and engage with my teammates and other staff in PIE. As a team captain now, I can improve on my skills and work with my team on a new robot.",Sometimes I am not really confident in my leadership skills or public speaking since this is my first time in a leadership position so I really hope that I can improve my leadership qualities and gain the courage to come out of my comfort zone. I would also like to know more about STEM related activities and subjects.,
Female,11th,Hispanic/ Latino,"$90,000+",5,Dual-parent household,Yes,3,FALSE,FALSE,,N/A,No,There are no other robotics extracurriculars.,Strongly Agree,Neutral,Agree,Neutral,Neutral,3,7,2,6,3,< 1,3,"Teacher's/parent's car,My/a friend's car",Physics,"- Biology
- Chemistry
- Algebra 1 and 2
- Geometry
- Precalculus",N/A,I felt like it would be a fun opportunity to be a part of a robotics team,I would like to expand my knowledge because as of right now I don't know much about coding or building a robot.,No
Female,12th,Hispanic/ Latino,"$50,000 - $70,000",5,Dual-parent household,Yes,0,TRUE,FALSE,,Participated in the Girls Who Code summer immersion program.,No,There are no other robotics extracurriculars.,Strongly Disagree,Strongly Disagree,Strongly Agree,Strongly Agree,Strongly Agree,5,5,5,5,5,1,3,"BART,My/a friend's car",none of the above,Pre-Calc,"Learning from Scratch, Girls Who Code, Coding Club",A friend influenced me.,"A new experience with friends, bonding time.",
Male,12th,Hispanic/ Latino,"$10,000 - $30,000",5,Dual-parent household,I dont't have a laptop but I do have an iPad,0,TRUE,FALSE,,,Yes,Both,Strongly Agree,Neutral,Agree,Disagree,Strongly Agree,4,2,1,6,2,< 1,4,BART,Physics,"I've taken regular chemistry, and honors classes of algebra, geometry, and trigonometry, and am currently in precalculus",I just recently started going to the Robotics club at my school because I was interested in robotics,The Robotics club at my school decided to do it and I thought it would be fun,I want some experience with robotics,
Female,11th,African American,"$50,000 - $70,000",3,Single-parent household,Yes,0,FALSE,FALSE,,N/A,No,No,Strongly Agree,Strongly Agree,Strongly Agree,Agree,Agree,6,6,6,7,3,8 +,5,"Teacher's/parent's car,Bus,BART,Walk",AP Computer Science A,N/A,N/A,Because I am interested in engineering.,Experience with electrical engineering,N/A
Male,10th,Hispanic/ Latino,"$50,000 - $70,000",6,Dual-parent household,Yes,3,TRUE,TRUE,"PiE Fall Competition,PiE Robotics Competition",,Yes,Both,Strongly Disagree,Strongly Disagree,Strongly Disagree,Strongly Disagree,Strongly Disagree,7,9,8,9,9,5,6,"BART,Bus,Teacher's/parent's car",AP Computer Science Principles,"Principles of Engineering, and Chem honors, ap csp","Robotics, helping father out in programming alarms and security, tech support at home. Along with practicing code from class and practicing making games on unity","I did it last year, and I enjoyed the competition and I learned a lot about college life and about robotics and engineering in general. The comp allowed me to teach myself organization with school work and extracurricular activities.",More knowledge and practice in what I know along with asking question about UC Berkeley,how to pay off debt and anything else I could do to make my self more presentable to other colleges
Male,10th,Hispanic/ Latino,"$90,000+",3,Dual-parent household,Yes,2,FALSE,TRUE,"PiE Robotics Competition,PiE Fall Competition,PiE Student Workshops",Woodshop,No,There are no other robotics extracurriculars.,Strongly Agree,Agree,Agree,Agree,Agree,1,10,9,9,3,< 1,2,BART,Physics,Alg 2 I.E.D. P.O.E.,NONE,Last year it was fun and a good experience,Knowledge about mechanics for the robots,No
Male,11th,Asian/ Pacific Islander,"$90,000+",4,Dual-parent household,Yes,0,FALSE,TRUE,PiE Robotics Competition,Intro to Computer Science class my sophomore year,Yes,There are no other robotics extracurriculars.,Strongly Agree,Strongly Agree,Agree,Disagree,Neutral,6,2,9,8,7,1,8 +,Teacher's/parent's car,AP Calculus AB,"Integrated Science, AP Biology, Chemistry Honors, Álgebra I/II, Geometry, Trigonometry, PreCalculus Honors",N/a,It was fun last year,"A good idea of how the mechanical side of robotics works
Also a chance to work on my coding abilities",Not at the moment
Female,11th,Hispanic/ Latino,"$10,000 - $30,000",2,Single-parent household,Yes,2,TRUE,FALSE,,AI4ALL,Yes,There are no other robotics extracurriculars.,Strongly Agree,Agree,Agree,Agree,Agree,6,8,5,7,6,2,2,"BART,Teacher's/parent's car",Physics,"Chemistry, Algebra 2, Geometry, Biology, Pre-Calc.","In the program I did over the summer (AI4ALL), we went over coding, and I got to do some coding myself.",I decided to join because a student who was already in our school robotics team recommended to join.,Something I want to get out of the competition is learning about how to receive rules and follow them in order to create something that is beneficial.,What started this program ? How have these competitions benefited students in the past ?
Male,12th,Asian/ Pacific Islander,"$30,000 - $50,000",4,Dual-parent household,Yes,2,FALSE,TRUE,PiE Robotics Competition,"PiE,Vex",Yes,"Yes, by skill level",Neutral,Neutral,Neutral,Neutral,Neutral,8,8,8,8,8,7,7,"Teacher's/parent's car,BART","Physics,AP Calculus AB,Calculus",No,No,interesting,Maybe,No
Male,12th,Hispanic/ Latino,"$50,000 - $70,000",5,Dual-parent household,No,1,TRUE,FALSE,,A little bit of Python and HTML. Familiar with AI and ML.,No,There are no other robotics extracurriculars.,Strongly Agree,Strongly Agree,Neutral,Neutral,Disagree,5,8,9,7,8,5,8 +,"BART,Bus,Teacher's/parent's car,My/a friend's car",AP Calculus AB,AP Statistics,"CMU SAMS
UC Berkeley AI4ALL",To learn something new about how to do robotics.,The knowledge of how to program a robot.,
Female,12th,Hispanic/ Latino,"$10,000 - $30,000",3,Single-parent household,Yes,2,TRUE,FALSE,,,No,There are no other robotics extracurriculars.,Strongly Agree,Agree,Neutral,Neutral,Agree,7,7,6,8,8,3,2,"Teacher's/parent's car,My/a friend's car,BART","AP Calculus AB,Physics","I've also taken Pre-Calculus, other core math classes, and AP Statistics.",I've participated in summer programs such as EmbARC Berkeley program.,"I decided to join PIE Robotics Competition, to learn more and gain experience on making robots for the first time and more about the process of creating them.","I personally wanted to gain knowledge and experience on making robots and the process. In addition, learn more about the physics side of it and about how we will power it.",I would like to know more about the college in general and also more about the organizers of PIE.
Male,10th,Caucasian,"$90,000+",4,Dual-parent household,No,3,FALSE,TRUE,"PiE Robotics Competition,PiE Fall Competition,PiE Student Workshops",PiE,Yes,"Yes, by skill level",Agree,Neutral,Agree,Disagree,Disagree,1,9,8,6,2,< 1,5,BART,none of the above,"Precalculus, chemistry",No,It seemed fun and like I would learn,Fun/enjoyment,No
Male,10th,Asian/ Pacific Islander,"$50,000 - $70,000",4,Dual-parent household,Yes,0,TRUE,TRUE,"PiE Robotics Competition,PiE Fall Competition",I help builded robot,Yes,Both,Agree,Agree,Agree,Agree,Agree,2,7,7,5,4,3,3,"My/a friend's car,Teacher's/parent's car","none of the above,Physics",Algebra 2,FTC,It looks cul,I want to be epic coder man,How experienced are the organizers of PiE?
Male,10th,mixed caucasian latino,"$30,000 - $50,000",4,Split custody,Yes,3,FALSE,TRUE,"PiE Robotics Competition,PiE Fall Competition",,Yes,Both,Strongly Agree,Agree,Agree,Agree,Neutral,4,8,8,5,2,3,3,Teacher's/parent's car,none of the above,"Computer science, pre-calculus, chemistry, biology",Nada,My team joined,I like the experience of working with a team and in engineering.,Nope
Male,12th,Asian/ Pacific Islander,"$10,000 - $30,000",3,Dual-parent household,Yes,1,TRUE,TRUE,"PiE Robotics Competition,PiE Fall Competition",I have participated in the PiE competition previously.,No,There are no other robotics extracurriculars.,Strongly Agree,Neutral,Agree,Agree,Neutral,6,10,9,6,6,2,< 1,Teacher's/parent's car,"Calculus,AP Calculus AB,Physics,AP Computer Science Principles,AP Computer Science A",None,None,I want to continue learning about engineering and getting more experience.,I personally want to get the experience after competing in the PiE Robotics competition.,None.
Female,11th,Filipino ,"$50,000 - $70,000",3,Dual-parent household,Yes,0,FALSE,TRUE,PiE Robotics Competition,"I joined robotics last school year(2018), took computer science principles, and am currently taking AP computer science principles.",No,Both,Strongly Agree,Neutral,Agree,Agree,Neutral,3,4,3,3,2,< 1,6,"My/a friend's car,Teacher's/parent's car",AP Computer Science Principles,"Chemistry, Biology, AP Environmental Science, Honors Physics, Pre-Calculus",none,I joined to get experience from it.,I would like to develop more science skills.,
Female,11th,Asian/ Pacific Islander,"$70,000 - $90,000",4,,Yes,1,FALSE,TRUE,"PiE Student Workshops,PiE Fall Competition,PiE Robotics Competition",coding part of the robot i think,Yes,Both,Agree,Agree,Agree,Agree,Agree,4,4,4,4,4,5,5,"Teacher's/parent's car,My/a friend's car","Physics,AP Computer Science Principles",no,FIRST competition thing,my friend got me into it,how to code,
Male,11th,Caucasian,"$70,000 - $90,000",4,Dual-parent household,No,0,FALSE,TRUE,"PiE Robotics Competition,PiE Fall Competition,PiE Student Workshops","Technical drawing classes at DVC in Concord
Competed in Vex Robotics
Taken 2 week long engineering summer courses",No,There are no other robotics extracurriculars.,Strongly Agree,Strongly Agree,Strongly Agree,Strongly Agree,Strongly Agree,7,9,10,8,5,8 +,8 +,Teacher's/parent's car,none of the above,"Pre Calc H
I plan on taking AP Calc AB. Physics and Ap Comp Sci next year","Vex Robotics
DVC summer camps",To improve my abilities in building robots,A better understanding of coding,X
Female,11th,Hispanic/ Latino,"$30,000 - $50,000",4,Dual-parent household,Yes,0,TRUE,FALSE,,,No,There are no other robotics extracurriculars.,Agree,Neutral,Neutral,Neutral,Agree,7,7,6,4,6,2,8 +,"My/a friend's car,Teacher's/parent's car,Walk,BART,Bus",none of the above,Pre-Calculus,MESA,My brother was in the PiE robotics competition last year and it seemed fun.,I would like to learn at least the basics of a robot and coding.,No
Male,10th,Asian/ Pacific Islander,"$30,000 - $50,000",4,Dual-parent household,Yes,1,TRUE,FALSE,,I am in coding club and the coding class at my school. I was in the engineering class at my middle school.,Yes,"Yes, by skill level",Neutral,Strongly Agree,Strongly Agree,Strongly Agree,Strongly Agree,7,4,2,1,1,1,1,Teacher's/parent's car,none of the above,"pre-calc, comp sci principles, and bio",coding club,because my robotics club is doing it,I want to know what it's like and actually compete in a competition because we didn't participate in the last one,not really
Female,12th,Asian/ Pacific Islander,"$50,000 - $70,000",6,Dual-parent household,Yes,0,TRUE,TRUE,"PiE Robotics Competition,PiE Fall Competition,PiE Student Workshops",I was in my robotics club for all my years of high school. I am fairly proficient in coding and mechanics.,No,There are no other robotics extracurriculars.,Strongly Agree,Strongly Agree,Agree,Neutral,Neutral,10,10,10,10,10,8 +,8 +,My/a friend's car,"AP Calculus AB,AP Calculus BC,AP Computer Science Principles,Physics",Introduction to Python; Computer Science Principles; AP Environmental Science,I'm in a Girls in STEM club but other than that I have not participated in other robotics activities,I love the whole PiE Expereince. The mentors; the competition process; the entire PiE staff. Everything.,"I hope that this year, many of the underclassmen in our club enjoy PiE as well. When they go to workshops, I hope that they can use the knowledge they gain and make",
Female,11th,American Indian,"$70,000 - $90,000",3,Dual-parent household,Yes,1,FALSE,TRUE,PiE Robotics Competition,,Yes,Both,Agree,Neutral,Neutral,Agree,Agree,3,6,7,8,6,3,3,"Teacher's/parent's car,My/a friend's car","AP Computer Science Principles,Physics","Algebra 1, 2 (currently taking)
Geometry
Biology
AP Environmental Science (currently taking)",FIRST Robotics,"I have done it previously in my freshmen and sophomore year, and I enjoyed the experience. The competition is usually a perfect level of challenge and ease, and I feel comfortable with the environment that PiE holds",I always want to increase my knowledge of engineering and team-building. I also want to dip my hands into coding more so this year as well.,
Female,12th,Hispanic/ Latino,"$70,000 - $90,000",5,Dual-parent household,Yes,4,TRUE,FALSE,,I take part of the computer science pathway at my highschool. Also once a week I participate in a computer science program.,No,There are no other robotics extracurriculars.,Agree,Agree,Agree,Neutral,Agree,5,8,8,9,9,4,3,"BART,Bus,Walk","Calculus,AP Calculus AB,AP Computer Science A,AP Computer Science Principles,Physics",N/A,Participated in an afterschool computer science program called CodeNation as well as MissionBit.,I decided to join PiE Robotics Competition because it seemed interesting and I didn't have much to do afterschool.,I want learn how to program robots and honestly just to have fun.,Not at the moment
Male,10th,Hispanic/ Latino,"$70,000 - $90,000",4,Dual-parent household,Yes,0,FALSE,TRUE,"PiE Robotics Competition,PiE Student Workshops",POE and SMASH,Yes,Both,Strongly Agree,Agree,Agree,Disagree,Agree,1,6,5,5,5,1,1,"BART,My/a friend's car",none of the above,Alg 2 and SMASH and Chemistry Honors,Robotics and SMASH,fun,Fun,No
Male,11th,Hispanic/ Latino,"$90,000+",4,Dual-parent household,I share with my siblings/parents.,1,FALSE,FALSE,,"I was in robotics club for a little, and I’ve taken computer science classes",No,There are no other robotics extracurriculars.,Strongly Agree,Agree,Strongly Agree,Strongly Agree,Strongly Agree,6,8,7,6,7,4,6,Bus,Calculus,Computer science,No,I want to minor in computer science and believe this would help me,"To hang out with my friends, learn a lot, and win the competition",No
Female,12th,Latina and Caucasian,"$30,000 - $50,000",5,Single-parent household,Yes,0,TRUE,TRUE,"PiE Robotics Competition,PiE Fall Competition",,No,,Strongly Agree,Strongly Disagree,Agree,Disagree,Agree,1,5,9,6,2,1,8 +,BART,none of the above,"AP Chemistry
AP Statistics",None,I joined the competition because I want to learn more about the mechanics of a robot. I also like working in a team.,I want to learn at least 1 new thing about the mechanics of a robot.,
Female,12th,Hispanic/ Latino,"$70,000 - $90,000",5,Dual-parent household,I share with my siblings/parents.,0,FALSE,FALSE,,I’ve had a POE class in 11th grade and I’m currently taking an intro to programming course at school and I’m currently in Girls Who Code.,Yes,"Yes, by expenses",Strongly Agree,Neutral,Agree,Agree,Agree,6,5,6,3,2,2,1,"My/a friend's car,Teacher's/parent's car",Physics,POE and intro to programming,I haven’t participated in any yet,"I’ve been wanting to learn more about robotics for a long time, so I think this is a great opportunity for me to start learning.",I want to learn more about robotics and engineering and I want to build my leadership skills as well as I’m working with a group. I would also like to to strengthen my communication skills and I want to get more used to working with a group of people.,I want to know more about what this program is all about and I would also like to know about UC Berkeley and if this program is offered in colleges as well.
Male,11th,Hispanic/ Latino,"$70,000 - $90,000",5,Dual-parent household,Yes,0,FALSE,TRUE,PiE Robotics Competition,,No,,Agree,Agree,Agree,Agree,Agree,9,9,7,8,5,1,< 1,BART,none of the above,Precalculus,None,I will get some experience on building a robot,Experience,
Male,10th,Caucasian,"$90,000+",3,Dual-parent household,Yes,0,FALSE,FALSE,,Multiple week-long coding/robotics camps.,No,,Strongly Agree,Strongly Agree,Strongly Agree,Agree,Agree,6,5,4,1,1,< 1,5,"Teacher's/parent's car,BART",none of the above,"All math classes up to and including Pre Calculus. Also Chemistry, Biology, and 8th grade physics.",None.,I decided to join PiE because I decided it would be a great opportunity to take up and because I expect that it will be fun as well.,"I would personally like to learn more about robotics and engineering, and I would also love to have fun.",
Male,12th,African American,"$90,000+",5,Dual-parent household,Yes,1,FALSE,TRUE,PiE Robotics Competition,"Only the last PiE event, which even then I would call quite low.",Yes,There are no other robotics extracurriculars.,Strongly Agree,Agree,Agree,Neutral,Agree,1,7,5,7,1,2,2,"Teacher's/parent's car,Bus","Calculus,Physics",N/A,The school's robotics club.,Help my robotics club in this exploit. I also want to gain more knowledge on mechanical and electrical design.,Gain more knowledge on mechanical and electrical design.,
Male,12th,Asian/ Pacific Islander,"$10,000 - $30,000",5,Dual-parent household,Yes,0,FALSE,TRUE,"PiE Robotics Competition,PiE Fall Competition,PiE Student Workshops",,No,There are no other robotics extracurriculars.,Strongly Agree,Disagree,Agree,Disagree,Agree,1,6,6,2,1,2,< 1,"Teacher's/parent's car,My/a friend's car","AP Calculus BC,Physics","Biology, Chemistry, AP Biology",a STEM club at my school,I wanted to participate in one last competition alongside the friends I made in the club before I graduated high school.,I want more experience handling parts and developing the team.,
Male,10th,Caucasian,"$30,000 - $50,000",5,Single-parent household,Yes,0,TRUE,FALSE,,None really.,No,There are no other robotics extracurriculars.,Strongly Agree,Agree,Agree,Neutral,Strongly Agree,4,6,1,5,1,1,2,"Bus,BART,My/a friend's car",none of the above,"Geoemtry, Algebra 2",No,Becuase I was interested in it.,Learn,No
Male,12th,Caucasian,"$90,000+",3,Dual-parent household,Yes,0,FALSE,TRUE,PiE Fall Competition,Personal projects,No,There are no other robotics extracurriculars.,Strongly Agree,Strongly Agree,Disagree,Disagree,Strongly Disagree,9,10,1,10,2,4,8 +,My/a friend's car,Physics,pre calculus,Personal projects,My school team needed help,Something to pass the time between my race season,
Male,9th,Caucasian,"$90,000+",4,Dual-parent household,Yes,1,FALSE,FALSE,,"Ev3 lego, programming classes",Yes,Both,Strongly Agree,Strongly Agree,Agree,Agree,Strongly Agree,7,10,9,5,4,7,8 +,Teacher's/parent's car,none of the above,"Honors Algebra 2 / Trigonometry
Environmental Science","Robotics Club
Computer Club",I joined the PiE Robotics Competition because I enjoy robotics and engineering,I would like to learn new things and bond with teammates.,
Male,12th,Asian/ Pacific Islander,"$50,000 - $70,000",4,Dual-parent household,Yes,0,TRUE,TRUE,"PiE Robotics Competition,PiE Fall Competition,PiE Student Workshops",I have been apart of my Robotics club for the past 4 years and have taken part in mainly the mechanics section for our competitions. I have as well taken a basics python class in my junior year and currently am taking AP computer science principle course at school.,Yes,No,Strongly Agree,Strongly Agree,Agree,Neutral,Strongly Agree,4,10,10,10,8,8 +,3,My/a friend's car,"AP Calculus AB,Physics,AP Computer Science Principles",Computer programing basics of python,"I've been apart of many elementary school outreaches where we do science experiments for the children, multiple FTC competitions, and Hackathons for local elementary schools.","I enjoy the experience that we get when we are able to work with mentors especially since our club doesn't really have an advisor. The community of pie staff members and competitors make it a very comfortable environment in which my and I members are able to express our love for coding and engineering, and are capable of improving upon it.","I personally want to just be able to advance my understanding, experience, and critical thinking of engineering because I want to go into a engineering as a major for college.",N/A
Male,11th,Asian/ Pacific Islander,"$90,000+",5,Dual-parent household,Yes,2,FALSE,TRUE,"PiE Robotics Competition,PiE Fall Competition,PiE Student Workshops",MESA,No,There are no other robotics extracurriculars.,Strongly Agree,Strongly Agree,Neutral,Strongly Agree,Strongly Agree,8,10,10,10,7,5,8 +,"BART,My/a friend's car","Calculus,Physics","Math-120 (Intermediate Algebra), Math-121 (Trig), Math-171 (Precalc), Math-190 (Calculus 1), Math-191 (Calculus 2), Physics-110 (Descriptive Physics)",MESA,I want to challenge my ability to design and program a robot that will have a chance at winning the competition.,I want to learn more about programming and designing robots.,no.
Female,11th,Asian/ Pacific Islander,"$90,000+",4,Dual-parent household,Yes,1,FALSE,FALSE,,Technovation Competition,No,There are no other robotics extracurriculars.,Strongly Agree,Disagree,Disagree,Disagree,Disagree,2,2,2,10,2,< 1,6,"Bus,BART,Walk,Teacher's/parent's car","Calculus,AP Calculus AB","Chemistry, Biology",Technovation!,I am ready to LEARN!,I want to branch out into a different field to be more well rounded. My dad's an engineer and it runs in my blood.,
Male,11th,Asian/ Pacific Islander,"$90,000+",3,Dual-parent household,Yes,0,FALSE,TRUE,PiE Robotics Competition,,No,No,Strongly Agree,Disagree,Agree,Agree,Strongly Agree,1,10,10,7,6,< 1,2,"My/a friend's car,Teacher's/parent's car,BART",none of the above,College Chemistry,None,To generate experience within the stem community,A good experience,None
Male,10th,African American,"$90,000+",5,Dual-parent household,Yes,3,FALSE,FALSE,,"Mesa
Hidden genius project",No,There are no other robotics extracurriculars.,Strongly Agree,Strongly Agree,Agree,Neutral,Agree,5,5,8,4,5,4,5,Teacher's/parent's car,Physics,Trigonometry,Nothing,Because of my interest in programming,More experience with robotics,
Male,10th,Asian/ Pacific Islander,"$90,000+",5,Dual-parent household,Yes,0,TRUE,FALSE,,No,Yes,"Yes, by skill level",Strongly Agree,Agree,Agree,Agree,Agree,8,8,7,7,7,8 +,8 +,Teacher's/parent's car,Physics,"Geometry, Algebra 2, Trigonometry",Biology Club,I wanted to try out an extracurricular involving stem.,"Personally, I want to gain experience in stem work.","Currently, not right now."
Male,9th,Caucasian,"$70,000 - $90,000",3,Single-parent household,Yes,1,FALSE,TRUE,PiE Fall Competition,none,No,There are no other robotics extracurriculars.,Strongly Agree,Agree,Neutral,Disagree,Agree,1,10,3,3,3,2,3,"Teacher's/parent's car,My/a friend's car",Physics,Alg 2,none,I like engineering.,I want to learn to code.,no
Female,11th,Hispanic/ Latino,"$10,000 - $30,000",4,Single-parent household,I share with my siblings/parents.,0,TRUE,FALSE,,SMASH Berkeley,No,,Agree,Agree,Disagree,Strongly Disagree,Neutral,3,5,1,10,5,2,3,"BART,Walk",none of the above,"Chemistry
pre cal",SMASH BERKELEY,"I thought it looked interesting, it would also widen my knowledge in tech.",I want to know more about this subject.,"Yes, maybe the ""better"" schools for engineering"
Male,10th,Other,"$30,000 - $50,000",7,,Yes,0,TRUE,TRUE,PiE Robotics Competition,Computer Science Principles and some online coding,Yes,Both,Strongly Agree,Strongly Agree,Strongly Agree,Strongly Agree,Strongly Agree,6,8,4,4,2,6,6,BART,AP Computer Science Principles,"Chem H, POE (Principles Of Engineering), Algebra 2",Coding,"I want to extend my knowledge to things I am not as good at, and I think this will help me.",Nothing other than a sense fulfillment and accomplishment.,
Female,10th,Hispanic/ Latino,"$90,000+",4,Dual-parent household,I share with my siblings/parents.,1,FALSE,FALSE,,None,No,There are no other robotics extracurriculars.,Strongly Agree,Strongly Agree,Agree,Agree,Agree,7,7,6,7,7,< 1,2,"BART,My/a friend's car",none of the above,None,None,"I always wanted to create, but never had the opportunity.",I want to get the experience.,Not at the moment
Male,11th,Hispanic/ Latino,"$30,000 - $50,000",4,Dual-parent household,Yes,0,TRUE,TRUE,"PiE Robotics Competition,PiE Fall Competition,PiE Student Workshops",Not much at all really.,No,There are no other robotics extracurriculars.,Agree,Agree,Neutral,Disagree,Agree,4,7,5,3,4,2,2,BART,none of the above,Algebra 2,None,Seems like a wonderful opportunity.,I want to learn how to code and build a robot.,
Female,11th,Hispanic/ Latino,"$90,000+",5,Dual-parent household,Yes,0,FALSE,FALSE,,,No,There are no other robotics extracurriculars.,Strongly Agree,Agree,Agree,Agree,Strongly Agree,3,4,2,10,7,2,2,"BART,My/a friend's car","Calculus,Physics","Chemistry, Calculus 2",MESA,It seemed fun.,More knowledge about how to program and build a robot,
Male,11th,Asian/ Pacific Islander,"$90,000+",4,Dual-parent household,Yes,2,FALSE,FALSE,,I took a computer science class last year.,Yes,No,Strongly Agree,Neutral,Agree,Agree,Neutral,5,9,4,3,1,1,< 1,Teacher's/parent's car,none of the above,"Pre Calculus, Computer Science",None,I want to join because the concept of building robots for competition seemed very interesting to me.,I want to learn how to work as a team to achieve certain goals,
Male,12th,Hispanic/ Latino,"$70,000 - $90,000",5,Dual-parent household,school issued ,1,FALSE,TRUE,"PiE Robotics Competition,PiE Fall Competition",I've PiE for the last 3 years and taken a highschool engineering class,No,There are no other robotics extracurriculars.,Strongly Agree,Strongly Agree,Strongly Agree,Neutral,Agree,7,9,9,6,7,3,2,BART,"AP Calculus AB,Calculus,AP Physics,Physics","Intro. to Engineering, Algebra 1 &2, Geometry, Precalculus, Chemistry, AP Chemistry",None,"I've loved doing PiE for the last 3 years it gives students great hands-on experience of what it is like to what in a robotics field, how to plan and problem solve as a team.",Another great year of experience in an engineering field,No
Male,12th,Asian/ Pacific Islander,"$10,000 - $30,000",2,Single-parent household,Yes,2,TRUE,TRUE,"PiE Fall Competition,PiE Robotics Competition,PiE Student Workshops","Python, Java, and html",No,"Yes, by skill level",Agree,Agree,Agree,Neutral,Agree,5,7,4,8,7,1,1,"BART,Bus,My/a friend's car,Teacher's/parent's car","AP Calculus AB,AP Calculus BC,AP Computer Science A",Information technology academy,None,Interested,The experience,No
Male,12th,"White, Filipino ","$90,000+",4,Dual-parent household,Yes,1,FALSE,TRUE,"PiE Robotics Competition,PiE Fall Competition",Took ap cs,No,There are no other robotics extracurriculars.,Strongly Agree,Strongly Agree,Neutral,Agree,Agree,3,8,7,8,5,8 +,8 +,"BART,Bus,My/a friend's car,Walk","AP Physics,AP Calculus AB,AP Calculus BC,AP Computer Science Principles","Ap chem, Ap bio","Science bowl, science Olympiad",Friends,First place,
Male,11th,African American,"$50,000 - $70,000",4,Dual-parent household,Yes,0,FALSE,FALSE,,"I have taken an engineering class in middle school and attended discover engineering, which is an engineering summer camp twice.",Yes,Both,Strongly Agree,Agree,Disagree,Disagree,Disagree,9,10,7,7,7,2,2,Teacher's/parent's car,Physics,n/a,discover engineering,I want to get more familiar with robotics,A better understanding of coding and building,no
Male,9th,Hispanic/ Latino,"$50,000 - $70,000",6,Dual-parent household,Yes,0,TRUE,FALSE,,"scratch
basicraspberry pi",No,Both,Strongly Agree,Agree,Agree,Agree,Agree,7,7,5,1,1,< 1,< 1,Teacher's/parent's car,none of the above,geometry,none,Interest in robotics.,Receive knowledge in robotics and become more advanced.,
Female,11th,Hispanic/ Latino,"$50,000 - $70,000",5,Dual-parent household,I share with my siblings/parents.,1,TRUE,FALSE,,,No,There are no other robotics extracurriculars.,Strongly Agree,Agree,Neutral,Neutral,Agree,4,3,5,6,2,< 1,4,Teacher's/parent's car,Physics,"I have taken Algebra 1, Algebra 2, Biology, Anatomy, and other math courses.",I have not participated in any science or technology related activity.,I decided to join because although I haven’t had experience with robotics it seems like an interesting subject that I would like to learn more about.,I want to learn how to use math in building and engineering.,Currently there isn’t something I would like to ask.
Female,12th,Hispanic/ Latino,"$90,000+",5,Dual-parent household,Yes,2,TRUE,FALSE,,N/A,No,There are no other robotics extracurriculars.,Strongly Agree,Neutral,Neutral,Disagree,Neutral,2,2,2,3,1,< 1,8 +,Teacher's/parent's car,none of the above,"AP Statistics 
Pre- Calculus",I have taken part of a non- profit organization called YR Media (formerly known as Youth Radio),I wanted to definitely try something new and step out of my usual comfort zone and usual extracurriculars.,"I want to gain an insight into what it feels like to be part of an entire team of people working towards a goal in something as complex as robotics seems to be. Together, it can be a whole other experience and allow me to understand in a different way. It’d be great to meet new people as well!",What advice would you give to anyone completely new to the world of robotics?
Male,9th,Iranian/Guatamalan,"$50,000 - $70,000",4,Dual-parent household,Yes,2,FALSE,FALSE,,,No,There are no other robotics extracurriculars.,Agree,Agree,Agree,Strongly Agree,Agree,1,1,1,1,1,2,2,Teacher's/parent's car,none of the above,Geometry with Advanced Algebra and Environmental Science,None,Experience,How to build robots and compete in competitions,
Male,12th,Asian/ Pacific Islander,"$90,000+",5,Dual-parent household,Yes,0,TRUE,TRUE,"PiE Robotics Competition,PiE Student Workshops,PiE Fall Competition",,No,No,Strongly Agree,Strongly Disagree,Strongly Agree,Agree,Neutral,1,7,5,9,4,< 1,5,"My/a friend's car,Bus,BART",none of the above,pre calc physics,n/a,To drive the robot,team spirit and cooperation/leading skills,nah
Male,9th,Asian/ Pacific Islander,"$90,000+",5,Dual-parent household,Yes,3,FALSE,FALSE,,"Through engineering design programs like NEDC by MESA, I've learned many skills in the realm of coding, engineering, and the sciences.",Yes,Both,Strongly Agree,Strongly Agree,Agree,Agree,Strongly Agree,6,8,6,7,6,8 +,8 +,"BART,Bus,My/a friend's car",none of the above,"Algebra 2
Geometry","I participate in the MESA program at our school that introduces a variety of competitions, each focusing on a different skill or area of expertise.",Joining PiE Robotics Competition can give me a further and more in-depth view on the world of coding and how engineers and computer programmers work together to create a finished product.,"I want to find new mentors that can assist me on my path towards my field of study, meet new people, and acquire new skills from PiE Robotics Competition.",
Male,11th,Hispanic/ Latino,"$10,000 - $30,000",5,Dual-parent household,Schools,2,TRUE,FALSE,,Robotics Competition,Yes,No,Agree,Agree,Strongly Agree,Agree,Agree,5,6,4,6,4,8 +,2,"BART,Walk",AP Computer Science A,"Chemistry
Algebra 2 
Physiology
Geometry","Robot competition, I have a interest in building and using machinery I create and design.",I have an interest in designing and using machinery,A better understanding in what the PiE has to offer.,No
Male,11th,Hispanic/ Latino,"$10,000 - $30,000",5,Dual-parent household,Yes,0,FALSE,FALSE,,By fixing sometime in cars like some part of the moto,No,No,Agree,Agree,Agree,Agree,Agree,6,5,3,7,7,5,3,Teacher's/parent's car,Physics,"Astro physics, math calculus",In so little experience with mechanical engineering,Help to have a better experience on the robotic,I have a better understand and learn from this completion,It like other programs or classes for mechanical engenering
Male,11th,Hispanic/ Latino,"$10,000 - $30,000",5,Single-parent household,I share with my siblings/parents.,0,TRUE,TRUE,PiE Robotics Competition,I have competed in previous PiE events as a programmer,Yes,No,Strongly Agree,Neutral,Strongly Agree,Neutral,Agree,10,6,6,9,6,1,8 +,Bus,Physics,Pre-calculus,None,Because I find it to be a very enjoyable experience and it helps me apply myself to an activity.,Validation or confidence in my skills.,Not really.
Male,11th,Hispanic/ Latino,"$70,000 - $90,000",7,Dual-parent household,Yes,2,TRUE,TRUE,"PiE Fall Competition,PiE Robotics Competition,PiE Student Workshops",AI4ALL,No,Both,Strongly Agree,Strongly Agree,Strongly Agree,Strongly Agree,Strongly Agree,6,10,10,9,9,7,7,"Teacher's/parent's car,BART,Walk",Physics,"Algebra 1 and 2, Geometry, Pre-Calculus, Engineering, Biology, and Chemistry",AI4ALL,I have a string passion for building things and building a robot fascinates me. It also gives a chance to become better at coding while having fun at the same time.,I personally hope to get better at coding.,Does UC Berkeley offer any Civil Engineering programs?
Female,11th,Hispanic/ Latino,"$10,000 - $30,000",4,Dual-parent household,Yes,1,TRUE,FALSE,,I had an engineering class in my sophomore year.,No,There are no other robotics extracurriculars.,Strongly Agree,Neutral,Agree,Neutral,Agree,1,1,1,3,1,1,8 +,Teacher's/parent's car,"Calculus,Physics",Engineering,None,To try something new and see if I like it.,A new experience.,
Male,11th,Asian/ Pacific Islander,"$30,000 - $50,000",4,Dual-parent household,Yes,3,FALSE,FALSE,,MESA Program for 3 years,No,,Strongly Agree,Strongly Agree,Neutral,Neutral,Neutral,5,5,5,7,7,4,4,Teacher's/parent's car,"Physics,AP Physics","Chemistry
Biology
Trigonometry
Statistics
Algebra",MESA Program,To gain new knowledge,To gain new knowledge,
Male,11th,Hispanic/ Latino,"$30,000 - $50,000",5,Dual-parent household,Yes,0,TRUE,TRUE,PiE Fall Competition,Stem,No,No,Strongly Agree,Neutral,Strongly Agree,Strongly Agree,Neutral,1,4,10,5,2,3,4,Teacher's/parent's car,none of the above,"Chemistry 
Pre Calc / Trig",Pie,To have fun with my teammates building a robot,How to program,
Female,12th,Hispanic/ Latino,"$90,000+",5,Dual-parent household,Yes,0,FALSE,FALSE,,,No,There are no other robotics extracurriculars.,Strongly Agree,Agree,Strongly Agree,Neutral,Neutral,1,1,2,4,2,4,5,My/a friend's car,AP Calculus AB,AP Psychology,No,To learn more about robotics and learn more about working in a team.,I want to see an insight of things I could be doing.,
Male,10th,Caucasian,"$30,000 - $50,000",3,Dual-parent household,I share with my siblings/parents.,2,FALSE,TRUE,PiE Robotics Competition,,Yes,Both,Strongly Agree,Strongly Agree,Agree,Disagree,Strongly Agree,1,6,3,7,2,4,2,"BART,Bus,Teacher's/parent's car,My/a friend's car",Physics,"Pre-calculus, chemistry, biology",FTC,My team is doing it,"I'm not sure, i'm tired when writing this",
Male,11th,Hispanic/ Latino,"$30,000 - $50,000",6,Dual-parent household,I share with my siblings/parents.,2,FALSE,FALSE,,I had some in middle school for one of my classes.,No,No,Agree,Agree,Neutral,Disagree,Neutral,2,3,2,2,2,< 1,2,My/a friend's car,Calculus,No,No,It sounds like something I’m really interested i.,"Skills, knowledge and new experience",
Male,11th,Hispanic/ Latino,"$30,000 - $50,000",2,Dual-parent household,Yes,2,TRUE,FALSE,,Nothing,No,There are no other robotics extracurriculars.,Strongly Agree,Strongly Agree,Neutral,Disagree,Neutral,4,7,3,5,1,< 1,1,My/a friend's car,none of the above,N/a,Nothing,"Because It’s something I’m really interested in it, and for me it’s a big opportunity to do what i like",Knowledge about how everything works,Not now
Male,12th,African American,"$90,000+",4,Dual-parent household,"No, but planning to get one",5+,FALSE,FALSE,,"Very little, have a general idea of basic programming concepts",No,There are no other robotics extracurriculars.,Strongly Agree,Strongly Agree,Agree,Agree,Neutral,6,7,5,7,4,< 1,8 +,"BART,My/a friend's car,Walk","AP Calculus AB,Physics",Precalculus,School science club,"Iwas invited to join by a friend, and I’ve always had interest","I’d like to get a better understanding of programming and engineering, as well as put some of what I’ve learned in physics into practice",
Male,10th,Caucasian,"$90,000+",3,Dual-parent household,Yes,3,FALSE,FALSE,,"Robotics summer camps, coding summer camps",No,There are no other robotics extracurriculars.,Strongly Agree,Strongly Agree,Strongly Agree,Strongly Agree,Strongly Agree,6,7,4,1,1,3,5,"Teacher's/parent's car,BART",none of the above,"Pre Calc and previous classes, Biology, Chemistry, 8th grade physics",STEM summer camps,Interesting and fun opportunity,"More robotics and STEM knowledge, familiarity with engineering",
Male,12th,Asian/ Pacific Islander,"$50,000 - $70,000",4,Dual-parent household,Yes,0,FALSE,FALSE,,I’m in the ITA classes at my school where I learned to code,Yes,Both,Strongly Agree,Neutral,Neutral,Agree,Neutral,3,6,3,8,2,1,4,"BART,Walk",none of the above,Probability and Statistics,None,I joined the robotics club which told me about it,To learn more about engineering/programming and designing robots,Not that I can think of
Male,9th,Caucasian,"$50,000 - $70,000",3,Single-parent household,Yes,0,FALSE,TRUE,PiE Fall Competition,None,No,There are no other robotics extracurriculars.,Strongly Agree,Agree,Neutral,Strongly Disagree,Agree,1,10,3,3,3,4,2,"Teacher's/parent's car,My/a friend's car",Physics,Alg 2,None,Because I enjoy it,Enjoyment,No
Female,11th,Caucasian,"$90,000+",3,Single-parent household,Yes,0,FALSE,TRUE,"PiE Robotics Competition,PiE Fall Competition",,No,There are no other robotics extracurriculars.,Agree,Neutral,Agree,Disagree,Strongly Agree,3,7,6,4,4,1,2,"My/a friend's car,Teacher's/parent's car",none of the above,"Pre-Calculus
Algebra 2
Algebra 1
Geometry",None,For a good time and to learn about engineering.,Knowledge about robots.,
Male,11th,Hispanic/ Latino,"$30,000 - $50,000",5,Dual-parent household,Yes,1,FALSE,TRUE,PiE Fall Competition,I can build a robot but cant program.,No,There are no other robotics extracurriculars.,Strongly Agree,Strongly Agree,Neutral,Agree,Neutral,4,7,1,3,4,3,1,Teacher's/parent's car,none of the above,Algebra 2,None,"I already did it once and I enjoyed it, I also learned a lot.",I want to learn how to code,None.
Male,12th,African American,"$90,000+",5,Dual-parent household,Yes,1,FALSE,FALSE,,"The last pie event. Which even then, O would call quite low.",Yes,There are no other robotics extracurriculars.,Strongly Agree,Agree,Agree,Neutral,Strongly Agree,1,7,4,5,1,3,3,"Teacher's/parent's car,BART","Calculus,Physics",N/A,My school robotic's club.,Gain more experience on mechanical and electrical design. Help my fellow members of the robotics club since I have some of the most experience with pie.,Gain more experience on mechanical and electrical design.,Nothing more.
Male,11th,Black ,"below $10,000",2,One guardian ,Yes,0,TRUE,FALSE,,"TEAM base engineering program Connecticut 
Working at Invention Lab over the summer",No,No,Strongly Agree,Strongly Agree,Disagree,Agree,Strongly Disagree,5,10,10,9,6,4,8 +,Teacher's/parent's car,AP Computer Science Principles,Beginning Computer Science,Working in the invention lab on campus,I’ve been doing it since freshman year and it has been a great way to learn skills in engineering,I want to be more of a participant in my team this year and continue building my skills,
Male,11th,African American,"below $10,000",2,Single-parent household,Yes,0,TRUE,TRUE,"PiE Robotics Competition,PiE Fall Competition",computer science classes,No,No,Strongly Agree,Strongly Agree,Strongly Disagree,Disagree,Strongly Disagree,5,10,10,6,7,4,8 +,Teacher's/parent's car,AP Computer Science Principles,Beginning computer science,worked in the invention lab at UC Berkeleyl,because I enjoyed it in past seasons,more development of my skills,
Male,12th,Asian/ Pacific Islander,"$30,000 - $50,000",4,Dual-parent household,Yes,1,TRUE,TRUE,PiE Robotics Competition,,No,There are no other robotics extracurriculars.,Strongly Agree,Strongly Agree,Neutral,Neutral,Neutral,7,5,5,6,7,6,8 +,My/a friend's car,"AP Calculus BC,AP Computer Science A",Ap environmental science,Game development,To learn,Knowledge,
Male,11th,Hispanic/ Latino,"$70,000 - $90,000",2,Dual-parent household,I share with my siblings/parents.,0,FALSE,TRUE,PiE Robotics Competition,"I’ve had an introduction experience, but I will like to learn more.",No,No,Strongly Agree,Strongly Agree,Disagree,Disagree,Neutral,1,9,9,5,2,1,1,Teacher's/parent's car,Physics,Chemistry,Exploratorium - part of the on going xtech program.,I’ve previously attended the Pie Robotics program and I really enjoy the experience and the opportunities that this brings to my future.,I’m interested in learning and sharing ideas with other people.,I would like to know more about the career paths and the opportunities given.
Female,10th,African,"$90,000+",4,Single-parent household,Yes,0,FALSE,FALSE,,Society of Women Engineers Mini University,Yes,Both,Strongly Agree,Agree,Neutral,Neutral,Neutral,3,2,2,5,5,3,4,"Bus,BART,My/a friend's car",Calculus,Biology and Chemistry,I am currently participating in Society of Women Engineers High School Engineering Program for Girls (HSEP),I decided to join the competition because our robotics team at school is joining the competition,"The experience of working together with my teammates to build and program a robot under pressure. We haven't built a robot under a time limit before this year, and I want to know how it feels like to be in a time constraint.",How is PiE organized every year?
Male,12th,Mixed,"$50,000 - $70,000",3,Dual-parent household,Yes,2,FALSE,TRUE,"PiE Fall Competition,PiE Robotics Competition",I have experience from past competitions in PiE.,No,No,Strongly Agree,Strongly Agree,Strongly Agree,Strongly Disagree,Strongly Agree,5,10,8,7,6,4,2,"BART,Walk","Calculus,Physics",Chemistry,MESA,Because it's fun and has a very good mentorship program where we can make new friends and have a good time.,I want to create a memorable experience with my team since it is my last year as a high school student.,
Female,11th,Hispanic/ Latino,"$30,000 - $50,000",3,Single-parent household,I share with my siblings/parents.,2,TRUE,FALSE,,,Yes,There are no other robotics extracurriculars.,Strongly Agree,Agree,Agree,Disagree,Agree,7,7,7,6,2,1,4,Bus,Physics,I have taken the basic math classes but not calculus. I will be taking it next year.,I have not participated in any other extracurricular activities.,I wanted to learn about engineering and I wanted to try something new.,I want to be able to experience something new and hopefully learn on the way.,No there is not.
Female,11th,Hispanic/ Latino,"$10,000 - $30,000",5,Dual-parent household,Yes,0,TRUE,FALSE,,None,No,No,Strongly Agree,Neutral,Neutral,Neutral,Agree,5,5,5,5,2,< 1,4,Teacher's/parent's car,Physics,"Anatomy, Biology, Integrated Math",No,I wanted to try something new. I also want to get more involved in STEM related extracurriculars.,I want to learn new skills. I also want to grow my understanding on engineering.,